TIC,provenance,gmag
401834404,mearth,12.884933
397046970,Hyades,10.391185
435881860,Hyades,11.770583
